1084,676,966,616,874,537,793,468,724,439,917,428,874,303,853,233,836,170,977,415,959,351,982,444,992,509,1045,410,1038,347,1046,442,1045,510,1107,409,1116,321,1126,260,1135,194,gatilho
1094,671,974,618,879,536,801,467,732,439,923,428,878,303,858,234,842,172,984,415,968,353,992,446,1003,512,1052,409,1044,349,1052,443,1053,510,1115,407,1121,319,1130,258,1137,192,gatilho
789,637,702,615,622,539,570,485,519,458,658,427,613,331,586,275,565,225,705,415,662,378,666,459,675,520,757,413,720,374,711,452,709,511,811,415,815,327,817,271,814,216,gatilho
1118,526,1007,503,915,449,845,398,793,361,968,344,935,245,918,189,907,138,1023,330,1011,278,1027,351,1037,408,1082,323,1076,274,1083,347,1086,402,1139,324,1157,247,1170,194,1178,139,gatilho
776,542,703,513,643,449,594,405,553,381,715,351,684,267,666,209,654,163,759,345,727,307,718,377,718,433,806,349,772,312,754,379,747,431,854,358,876,276,886,226,890,178,gatilho
849,642,768,612,698,545,649,501,607,474,750,457,719,369,700,316,685,274,795,452,767,426,767,496,770,548,842,454,820,426,809,491,805,539,889,461,902,387,912,340,916,293,gatilho
363,623,295,604,251,558,223,522,193,495,288,464,258,386,235,340,218,303,317,455,268,427,255,487,262,534,351,454,304,429,284,483,285,524,389,455,395,382,389,338,380,298,gatilho
506,611,433,586,385,532,352,492,319,465,429,441,396,362,373,315,356,279,461,435,422,411,412,468,414,511,496,435,457,409,434,463,428,501,533,438,542,366,546,320,546,275,gatilho
870,476,791,452,722,404,670,367,628,343,776,315,744,243,727,199,715,161,817,305,795,265,796,321,801,370,862,303,844,260,833,313,829,357,907,306,922,243,927,200,926,159,gatilho
965,623,885,595,811,533,754,495,710,470,864,444,833,366,813,317,800,278,909,437,888,404,892,465,900,517,956,438,941,415,938,474,938,519,1002,444,1015,375,1023,334,1026,294,gatilho
1179,736,1097,708,1017,636,954,587,905,556,1064,547,1046,460,1035,409,1031,361,1120,541,1128,517,1143,591,1151,645,1175,546,1188,527,1191,596,1189,644,1228,557,1256,493,1278,449,1292,405,gatilho
1049,722,964,694,888,625,830,578,781,546,943,535,918,450,907,396,899,351,996,527,989,510,995,581,996,631,1050,530,1051,520,1044,590,1037,634,1100,539,1122,470,1142,428,1158,387,gatilho
946,577,859,543,790,482,734,433,685,404,846,393,820,305,807,254,799,208,894,385,878,342,882,410,886,463,944,387,934,350,929,414,926,463,993,394,1016,328,1031,283,1042,238,gatilho
745,494,670,466,607,416,556,381,513,359,665,324,639,249,623,201,613,160,707,317,683,274,671,333,668,385,753,320,732,278,710,332,702,377,799,328,823,261,834,217,838,174,gatilho
641,527,561,504,494,448,445,407,405,380,557,350,527,272,511,221,500,178,597,343,563,301,554,361,557,411,642,344,611,305,590,362,583,407,689,347,711,278,720,230,724,183,gatilho
441,529,372,498,336,452,312,418,286,392,376,355,349,286,324,242,306,203,404,348,351,324,336,382,343,429,437,349,387,322,363,377,363,423,473,350,486,277,481,226,474,182,gatilho
434,571,365,539,327,485,300,448,270,421,368,396,339,316,316,267,300,227,395,392,337,368,325,430,334,477,427,392,371,369,352,427,355,470,462,394,471,319,465,272,456,229,gatilho
1114,628,1045,605,989,541,946,483,900,439,1018,410,1035,293,1043,224,1060,163,1064,409,1138,378,1155,453,1153,512,1107,416,1177,390,1184,463,1169,513,1147,427,1173,350,1196,306,1214,265,gatilho
1044,652,968,627,896,557,831,502,770,470,952,440,955,337,954,273,961,217,1009,433,1054,414,1058,498,1052,559,1063,440,1114,428,1110,510,1094,564,1113,453,1153,383,1185,338,1212,292,gatilho
986,654,898,634,811,566,748,521,691,497,865,470,821,379,796,326,778,280,914,458,883,432,886,515,893,577,966,459,945,438,937,514,934,571,1018,465,1036,389,1052,336,1061,285,gatilho
154,658,272,633,372,558,445,496,493,450,333,438,375,328,403,259,427,199,269,423,277,368,256,455,239,521,209,420,211,344,207,421,201,477,148,421,144,323,145,271,152,216,gatilho
180,643,275,607,355,521,406,454,433,399,309,419,340,320,361,254,380,196,262,414,294,357,306,438,305,508,210,412,236,331,267,398,284,458,153,419,133,323,132,269,132,214,gatilho
216,650,301,603,360,512,390,439,403,374,325,415,335,314,351,247,366,193,279,414,316,362,337,444,340,515,231,416,257,340,308,391,344,437,182,428,150,331,146,276,143,219,gatilho
258,625,353,602,441,525,510,466,560,422,396,410,434,308,459,240,477,180,334,399,343,355,333,443,319,510,276,401,278,338,284,408,283,465,219,412,199,326,190,278,187,225,gatilho
324,633,411,622,510,550,590,507,654,492,463,427,501,323,534,255,555,198,399,414,407,377,388,462,371,521,340,416,340,362,338,416,333,455,283,427,265,344,253,297,246,244,gatilho
498,642,605,639,712,572,787,519,849,492,668,443,699,332,728,265,751,211,605,427,623,388,614,477,595,541,541,427,553,366,564,436,562,489,476,439,455,353,451,309,450,259,gatilho
714,636,792,615,859,549,902,507,933,471,841,439,865,345,886,290,904,245,802,430,855,400,874,479,870,543,762,426,812,375,852,448,870,505,723,433,714,345,721,297,728,244,gatilho
699,653,791,662,906,609,1001,595,1078,610,858,465,922,356,969,288,1004,229,791,443,799,414,781,502,764,559,724,437,727,394,724,469,718,517,665,441,655,375,646,366,640,347,gatilho
539,613,625,619,719,565,819,541,911,556,696,401,729,286,753,205,776,133,629,377,585,358,553,459,546,527,563,372,522,346,521,436,534,500,508,379,482,310,460,278,455,236,gatilho
460,639,557,621,645,551,723,502,793,488,606,424,657,317,689,249,713,190,540,409,549,363,540,449,529,518,478,414,481,343,488,411,487,464,420,428,394,349,378,305,370,256,gatilho
405,645,486,624,560,545,603,486,636,447,527,425,563,334,584,274,602,222,481,415,523,363,539,440,537,507,432,414,463,337,504,400,527,459,383,424,354,336,345,284,338,231,gatilho
423,658,518,652,620,587,698,543,760,511,581,452,637,354,675,292,705,237,519,435,544,395,534,485,514,553,457,433,476,366,488,441,489,500,397,444,377,360,368,313,365,261,gatilho
494,721,594,710,685,671,770,636,842,608,662,532,731,436,771,374,802,316,597,507,618,473,604,565,587,633,532,499,549,429,548,511,544,575,469,504,452,413,438,360,433,300,gatilho
634,679,734,688,848,650,924,618,982,601,813,508,872,414,909,358,940,313,764,492,806,470,794,545,773,594,708,488,750,461,754,527,745,569,650,486,674,435,688,453,695,466,gatilho
718,685,814,679,909,620,979,579,1035,552,880,485,931,390,963,333,990,283,829,469,872,430,880,514,870,580,773,463,812,398,836,472,844,533,716,469,701,378,702,330,703,282,gatilho
371,687,466,659,557,565,635,497,697,457,485,434,522,310,542,236,560,168,414,429,425,369,430,464,429,540,347,437,341,349,365,423,382,488,289,457,238,366,206,311,181,249,gatilho
312,697,414,668,513,571,598,501,667,463,434,428,475,299,499,221,520,152,355,422,365,374,367,481,363,561,282,432,276,352,296,433,306,501,218,455,165,358,130,298,101,231,gatilho
446,584,522,571,593,525,653,490,702,468,559,428,598,352,620,305,639,263,514,418,529,379,528,436,523,484,468,418,477,361,485,410,487,452,424,425,407,363,401,328,398,292,gatilho
452,593,517,577,578,526,627,487,666,467,538,443,568,372,584,329,597,290,496,438,505,402,509,455,507,497,455,440,457,390,472,434,478,472,415,451,389,392,377,359,367,322,gatilho
435,602,500,585,562,534,614,496,655,475,522,447,553,374,571,328,585,288,479,442,491,408,494,464,492,508,438,444,442,395,456,441,463,480,399,455,374,395,361,360,352,322,gatilho
931,556,845,537,762,499,699,474,647,461,806,369,773,295,754,248,736,206,853,348,830,259,815,205,801,160,904,349,898,267,891,211,883,162,955,366,980,300,994,255,1003,210,outro
955,545,871,525,791,486,729,455,679,436,829,360,795,290,775,246,757,206,877,338,855,247,841,193,830,149,928,339,922,256,915,202,908,155,981,356,1004,291,1019,246,1028,202,outro
951,548,868,529,788,490,725,459,674,440,825,362,790,292,771,248,752,208,872,339,849,250,836,196,824,153,923,340,917,258,910,203,902,156,976,357,999,293,1013,248,1022,204,outro
205,729,311,707,414,652,487,597,549,555,346,517,382,417,406,355,426,300,287,503,310,388,330,320,345,261,226,514,238,409,251,341,265,280,166,544,160,471,161,419,167,367,outro
277,623,374,590,455,527,514,478,561,442,405,402,449,320,474,273,497,230,359,385,386,284,407,224,425,172,310,390,329,292,348,235,367,184,257,411,261,336,270,289,285,244,outro
274,624,371,591,453,527,513,478,562,443,404,402,446,320,471,273,494,230,358,384,385,284,406,223,424,171,309,389,328,292,346,234,365,183,255,410,259,336,268,288,282,243,outro
270,627,369,594,450,531,509,481,556,445,399,405,442,323,467,275,489,230,354,389,379,288,400,227,417,173,305,395,322,297,339,238,355,185,252,417,255,342,263,294,277,248,outro
270,628,369,595,449,532,508,482,556,446,397,408,439,325,465,276,487,230,352,392,377,290,397,229,415,174,302,397,320,300,337,240,354,187,248,420,252,345,261,297,274,251,outro
272,628,368,593,447,530,507,481,556,446,396,405,438,322,463,274,485,230,350,389,376,287,396,226,413,172,301,394,318,297,335,239,354,186,248,417,250,343,258,295,271,249,outro
268,620,366,588,446,526,504,477,553,443,394,402,434,321,459,273,481,229,347,386,372,287,391,227,409,174,298,392,314,297,331,238,348,186,244,414,247,341,255,294,268,248,outro
266,617,363,584,441,523,498,475,544,440,389,401,430,321,454,273,476,228,344,385,367,287,386,228,403,174,295,391,310,296,326,237,342,183,241,413,243,341,251,294,264,248,outro
254,626,354,594,433,532,490,483,533,444,381,410,421,330,445,280,466,234,337,395,360,296,379,234,397,180,288,401,302,304,318,244,334,189,234,423,234,350,241,302,254,255,outro
1088,709,1000,672,920,612,848,566,785,539,978,488,950,400,930,343,913,292,1041,471,1027,364,1023,297,1022,239,1105,482,1115,389,1126,331,1134,279,1165,512,1207,446,1237,406,1260,366,outro
1025,555,949,530,880,489,821,458,770,444,914,380,881,312,861,270,842,231,957,361,933,279,920,226,908,183,1004,363,999,287,995,238,991,196,1050,379,1076,321,1093,281,1106,243,outro
1001,548,927,528,858,490,799,462,749,449,886,379,850,314,828,273,810,235,928,359,902,281,888,230,875,187,973,360,966,286,960,238,953,195,1020,375,1044,319,1059,279,1069,240,outro
986,553,912,534,844,497,786,471,737,457,875,387,838,322,817,280,799,242,916,367,890,289,875,238,862,194,961,367,952,294,946,245,939,202,1007,382,1031,326,1046,287,1057,248,outro
981,562,906,541,838,503,781,475,732,460,874,393,839,326,818,284,799,246,916,373,891,294,877,243,866,201,960,375,954,303,949,254,943,212,1006,391,1030,336,1046,297,1057,259,outro
971,573,896,552,829,513,773,484,724,469,867,407,833,340,812,298,795,261,908,388,885,309,871,258,860,216,952,390,946,317,941,269,936,227,997,406,1021,350,1036,312,1047,275,outro
260,605,339,571,395,507,431,456,459,419,347,425,370,357,383,315,393,275,311,417,326,339,337,290,345,246,272,424,281,348,290,301,299,258,229,444,228,385,233,348,242,312,outro
256,595,333,560,389,499,426,450,455,411,341,417,366,350,379,309,390,271,304,408,319,331,329,281,337,238,265,415,273,339,282,293,292,252,223,434,223,376,229,339,237,303,outro
257,592,334,555,388,497,424,448,452,410,340,413,364,346,377,305,388,268,302,405,316,327,326,277,333,234,262,412,270,336,279,290,289,249,220,432,219,373,225,336,234,300,outro
251,595,332,557,387,497,425,448,453,410,337,414,362,346,375,305,385,267,300,406,313,328,323,279,330,236,261,414,267,338,275,292,284,250,218,434,217,375,221,339,229,303,outro
251,598,331,560,386,500,423,450,450,411,335,417,360,348,374,306,385,268,298,409,311,329,321,279,329,235,259,417,266,339,274,292,283,249,217,437,216,377,221,340,229,304,outro
1059,661,992,628,931,581,884,538,843,505,970,478,946,405,932,359,920,316,1015,464,1004,378,1000,325,996,280,1061,473,1066,398,1072,351,1077,309,1106,497,1132,440,1150,403,1164,366,outro
1048,653,982,623,919,577,871,536,829,506,956,474,930,403,915,358,902,316,1001,459,988,374,983,321,978,276,1047,466,1050,393,1055,345,1057,303,1092,489,1117,432,1134,394,1147,358,outro
1047,653,979,625,917,580,867,541,824,512,952,475,924,405,907,359,894,318,998,458,982,374,976,320,970,275,1044,465,1046,392,1050,345,1052,302,1089,487,1112,432,1128,394,1141,357,outro
1045,654,978,626,916,582,866,542,823,513,952,476,924,406,907,360,893,318,997,460,983,374,976,320,970,273,1043,467,1045,394,1049,346,1052,304,1089,489,1112,433,1128,395,1141,357,outro
1045,654,978,625,917,580,867,541,824,513,953,474,926,403,910,358,897,316,998,458,983,374,976,320,971,274,1044,466,1046,393,1050,344,1052,302,1089,489,1113,433,1128,394,1140,357,outro
1045,654,978,622,918,577,868,539,825,507,962,467,950,392,944,346,940,302,1005,455,990,374,984,321,979,270,1046,463,1051,389,1055,340,1055,295,1087,484,1091,426,1089,385,1085,346,outro
1048,654,980,623,920,577,871,538,828,505,963,466,951,391,945,345,941,301,1005,453,991,373,985,320,981,269,1046,461,1050,387,1054,338,1054,293,1087,481,1089,421,1087,380,1084,340,outro
1048,653,979,622,919,578,868,540,825,509,958,464,945,389,938,343,934,299,1002,450,986,371,979,319,973,269,1043,458,1046,384,1049,335,1048,291,1084,479,1087,422,1084,381,1081,342,outro
179,785,266,757,354,716,421,678,452,626,304,633,336,538,354,476,367,423,251,630,271,521,282,448,290,389,193,642,204,541,213,472,222,413,136,664,135,592,135,542,138,494,outro
205,738,304,715,388,663,445,605,478,545,334,554,369,458,390,397,405,344,280,544,303,436,320,368,331,312,225,553,242,452,255,383,267,325,170,578,174,500,180,449,188,401,outro
200,734,298,707,381,639,433,573,466,513,331,523,363,431,381,372,396,319,279,513,300,407,315,341,325,283,224,524,237,422,248,357,260,298,167,550,171,473,177,423,186,374,outro
200,740,300,697,378,622,425,551,459,491,328,501,361,405,378,348,392,297,276,490,299,382,313,316,324,258,222,500,236,396,249,333,264,278,162,527,166,447,174,397,186,349,outro
198,736,296,694,375,614,421,542,455,482,326,492,357,396,374,338,387,286,274,482,295,374,309,306,318,248,219,493,233,388,246,324,261,267,160,521,164,441,173,390,185,340,outro
194,733,293,688,369,610,415,538,447,477,318,489,350,391,367,334,381,283,266,478,288,368,301,300,310,241,212,489,225,382,238,318,252,261,154,517,157,437,166,386,178,336,outro
1042,646,962,616,900,563,856,513,822,469,937,460,919,384,910,337,902,294,978,447,958,365,944,312,930,263,1020,451,1005,373,994,323,979,278,1067,469,1062,407,1054,366,1045,327,outro
1049,643,971,612,909,559,866,508,831,464,945,455,928,379,920,332,914,288,987,441,969,360,958,307,945,258,1029,445,1016,369,1006,319,992,274,1074,463,1070,402,1062,361,1052,322,outro
1050,642,974,610,911,556,867,507,833,464,946,453,930,376,923,329,915,286,987,439,969,358,958,305,946,256,1029,444,1016,366,1005,316,992,271,1075,462,1071,399,1064,358,1055,319,outro
